<?xml version="1.0" encoding="utf-8" standalone="no" ?>
<!-- 
	StockmanGUI
	V1.0.0.0

	@author w33zl
	@date 

	Copyright (C) w33zl
-->
<GUI onOpen="onOpen" onClose="onClose" onCreate="onCreate">
	<GuiElement type="bitmap" profile="uiFullInGameBackground" />

	<!-- Header  -->
	<GuiElement type="empty" profile="ingameMenuFrameHeaderPanel" position="130px -130px">
		<GuiElement type="bitmap" profile="ingameMenuGeneralSettingsHeaderIcon" position="0px 0px"/>
		<GuiElement type="text" profile="ingameMenuFrameHeaderText" position="80px 0px" onCreate="onCreateFnGuiHeader" text="$l10n_gui_fn_Setting" />
	</GuiElement>	
	
	<GuiElement type="empty" profile="ingameMenuSettingsBox" position="130px -200px">
		<!-- column 1 -->
		<GuiElement type="boxLayout" profile="ingameMenuSettingsLayout" position="50px -50px" >
			<!-- Start Hour Day  -->
			<GuiElement type="multiTextOption" profile="multiTextOptionSettings" onCreate="onCreateStartDayHour" toolTipElementId="ingameMenuHelpBoxText" toolTipText="$l10n_gui_fn_StartDayHourToolTip">
				<GuiElement type="button" profile="multiTextOptionSettingsLeft" />
				<GuiElement type="button" profile="multiTextOptionSettingsRight" />
				<GuiElement type="text" profile="multiTextOptionSettingsText" />
				<GuiElement type="text" profile="multiTextOptionSettingsTitle" text="$l10n_gui_fn_StartDayHour" />
				<GuiElement type="bitmap" profile="multiTextOptionSettingsBg" />
			</GuiElement>
			<!-- AutoDayTimeScale  -->
			<GuiElement type="checkedOption" profile="multiTextOptionSettings" onCreate="onCreateAutoDayTimeScale" toolTipElementId="ingameMenuHelpBoxText" toolTipText="$l10n_gui_fn_AutoDayTimeScaleToolTip">
				<GuiElement type="button" profile="multiTextOptionSettingsLeft" />
				<GuiElement type="button" profile="multiTextOptionSettingsRight" />
				<GuiElement type="text" profile="multiTextOptionSettingsText" />
				<GuiElement type="text" profile="multiTextOptionSettingsTitle" text="$l10n_gui_fn_AutoDayTimeScale" />
				<GuiElement type="bitmap" profile="multiTextOptionSettingsBg" />
			</GuiElement>
			<!-- Start Hour Night  -->
			<GuiElement type="multiTextOption" profile="multiTextOptionSettings" onCreate="onCreateStartNightHour" toolTipElementId="ingameMenuHelpBoxText" toolTipText="$l10n_gui_fn_StartNightHourToolTip">
				<GuiElement type="button" profile="multiTextOptionSettingsLeft" />
				<GuiElement type="button" profile="multiTextOptionSettingsRight" />
				<GuiElement type="text" profile="multiTextOptionSettingsText" />
				<GuiElement type="text" profile="multiTextOptionSettingsTitle" text="$l10n_gui_fn_StartNightHour" />
				<GuiElement type="bitmap" profile="multiTextOptionSettingsBg" />
			</GuiElement>
			<!-- AutoNightTimeScale  -->
			<GuiElement type="checkedOption" profile="multiTextOptionSettings" onCreate="onCreateAutoNightTimeScale" toolTipElementId="ingameMenuHelpBoxText" toolTipText="$l10n_gui_fn_AutoNightTimeScaleToolTip">
				<GuiElement type="button" profile="multiTextOptionSettingsLeft" />
				<GuiElement type="button" profile="multiTextOptionSettingsRight" />
				<GuiElement type="text" profile="multiTextOptionSettingsText" />
				<GuiElement type="text" profile="multiTextOptionSettingsTitle" text="$l10n_gui_fn_AutoNightTimeScale" />
				<GuiElement type="bitmap" profile="multiTextOptionSettingsBg" />
			</GuiElement>
			<!-- Show Help  -->
			<GuiElement type="checkedOption" profile="multiTextOptionSettings" onCreate="onCreateShowHelp" toolTipElementId="ingameMenuHelpBoxText" toolTipText="$l10n_gui_fn_ShowHelpToolTip">
				<GuiElement type="button" profile="multiTextOptionSettingsLeft" />
				<GuiElement type="button" profile="multiTextOptionSettingsRight" />
				<GuiElement type="text" profile="multiTextOptionSettingsText" />
				<GuiElement type="text" profile="multiTextOptionSettingsTitle" text="$l10n_gui_fn_ShowHelp" />
				<GuiElement type="bitmap" profile="multiTextOptionSettingsBg" />
			</GuiElement>			
		</GuiElement>	
		<!-- column 2 -->		
		<GuiElement type="boxLayout" profile="ingameMenuSettingsLayout" position="445px -50px">
			<!-- Start Minute Day  -->
			<GuiElement type="multiTextOption" profile="multiTextOptionSettings" onCreate="onCreateStartDayMinute" toolTipElementId="ingameMenuHelpBoxText" toolTipText="$l10n_gui_fn_StartDayMinuteToolTip">
				<GuiElement type="button" profile="multiTextOptionSettingsLeft" />
				<GuiElement type="button" profile="multiTextOptionSettingsRight" />
				<GuiElement type="text" profile="multiTextOptionSettingsText" />
				<GuiElement type="text" profile="multiTextOptionSettingsTitle" text="$l10n_gui_fn_StartDayMinute" />
				<GuiElement type="bitmap" profile="multiTextOptionSettingsBg" />
			</GuiElement>
			<!-- place holder  -->
			<GuiElement type="empty" profile="multiTextOptionSettings" />
			<!-- Start Minute Night  -->
			<GuiElement type="multiTextOption" profile="multiTextOptionSettings" onCreate="onCreateStartNightMinute" toolTipElementId="ingameMenuHelpBoxText" toolTipText="$l10n_gui_fn_StartNightMinuteToolTip">
				<GuiElement type="button" profile="multiTextOptionSettingsLeft" />
				<GuiElement type="button" profile="multiTextOptionSettingsRight" />
				<GuiElement type="text" profile="multiTextOptionSettingsText" />
				<GuiElement type="text" profile="multiTextOptionSettingsTitle" text="$l10n_gui_fn_StartNightMinute" />
				<GuiElement type="bitmap" profile="multiTextOptionSettingsBg" />
			</GuiElement>				
		</GuiElement>
			
		<!-- column 3 -->
		<GuiElement type="boxLayout" profile="ingameMenuSettingsLayout" position="840px -50px">
			<!-- Start Minute Day  -->
			<GuiElement type="multiTextOption" profile="multiTextOptionSettings" onCreate="onCreateDayTimeScale" toolTipElementId="ingameMenuHelpBoxText" toolTipText="$l10n_gui_fn_DayTimeScaleToolTip">
				<GuiElement type="button" profile="multiTextOptionSettingsLeft" />
				<GuiElement type="button" profile="multiTextOptionSettingsRight" />
				<GuiElement type="text" profile="multiTextOptionSettingsText" />
				<GuiElement type="text" profile="multiTextOptionSettingsTitle" text="$l10n_gui_fn_DayTimeScale" />
				<GuiElement type="bitmap" profile="multiTextOptionSettingsBg" />
			</GuiElement>
			<!-- place holder  -->
			<GuiElement type="empty" profile="multiTextOptionSettings" />
			<!-- Start Minute Night  -->
			<GuiElement type="multiTextOption" profile="multiTextOptionSettings" onCreate="onCreateNightTimeScale" toolTipElementId="ingameMenuHelpBoxText" toolTipText="$l10n_gui_fn_NightTimeScaleToolTip">
				<GuiElement type="button" profile="multiTextOptionSettingsLeft" />
				<GuiElement type="button" profile="multiTextOptionSettingsRight" />
				<GuiElement type="text" profile="multiTextOptionSettingsText" />
				<GuiElement type="text" profile="multiTextOptionSettingsTitle" text="$l10n_gui_fn_NightTimeScale" />
				<GuiElement type="bitmap" profile="multiTextOptionSettingsBg" />
			</GuiElement>
		</GuiElement>
		
		<GuiElement type="bitmap" profile="ingameMenuHelpRowBg" position="80px 50px" id="ingameMenuHelpBox" visible="true">
			<GuiElement type="bitmap" profile="ingameMenuHelpRowIcon" />
			<GuiElement type="text" profile="ingameMenuHelpRowText" id="ingameMenuHelpBoxText" text="" onTextChanged="onIngameMenuHelpTextChanged"/>
		</GuiElement>		
	</GuiElement>
	
	<!-- bottom "back" + "ok"  -->
	<GuiElement type="flowLayout" profile="buttonBoxDocked" screenAlign="bottomLeft" positionOrigin="bottomLeft" position="130px 77px" id="buttonsPC">
		<GuiElement type="button" profile="buttonBack" text="$l10n_button_back" onClick="onClickBack" id="backButton" />
		<GuiElement type="button" profile="buttonOK" text="$l10n_button_ok" onClick="onClickOk" />
	</GuiElement>	
</GUI>