﻿<?xml version="1.0" encoding="utf-8" standalone="no" ?>
<modDesc descVersion="40">
	<author web="https://github.com/w33zl/FS19_Stockman">w33zl</author>
    <version major="1" minor="0" build="0" revision="">1.0.0b</version>
    <title>
        <en>Stockman</en>
    </title>
     <description>
        <en><![CDATA[Stockman HUD gives you an overview of your animal husbandry with alerts and summaries of performance indicators (key statistics). This helps you be effective when caring for your livestock. ]]></en>
    </description>
    <iconFilename>resources/cow_outline.dds</iconFilename>
    
    <multiplayer supported="true"/>

    <l10n filenamePrefix="translations/translation" />

	<extraSourceFiles>	
        <sourceFile filename="lib/modhelper.lua" /> 
		<sourceFile filename="stockman.lua" /> 
        <sourceFile filename="gui/stockman_gui.lua"/>
	</extraSourceFiles>
  
    <inputBinding>
		<actionBinding action="Stockman_ShowOverview">
			<binding device="KB_MOUSE_DEFAULT" input="KEY_F9"/>
		</actionBinding>
    </inputBinding>

    <actions>
        <action name="Stockman_ShowOverview" axisType="HALF" />
	</actions>

</modDesc>